"(256) 756-8301,sed.diam@icloud.net,Bruce Tucker,Peru,Northern Territory,3933,""P.O. Box 854, 1043 Gravida. Road"""
"1-547-978-3041,aliquam.arcu@protonmail.edu,Harding Russo,China,Oost-Vlaanderen,53982,Ap #249-3539 Donec Road"
"(737) 146-5196,vulputate@hotmail.com,Quail Chan,United States,Yukon,36997,""P.O. Box 507, 7339 Blandit Rd."""
"(535) 780-4082,id@aol.ca,Damian Haley,United Kingdom,Yorkshire,T2P 0N4,1066 Proin St."
"1-741-892-1852,metus.in.nec@google.edu,Virginia Dominguez,Chile,Vermont,4637,Ap #433-6564 Primis Street"
"(511) 712-7065,libero.mauris.aliquam@icloud.com,Anika Simon,Russian Federation,Utrecht,3204,359-3716 Nunc Rd."
"1-347-849-0346,mi@protonmail.net,Mariam Mccarty,Turkey,Tabasco,18985,924-9112 Cursus. St."
"(327) 676-1271,penatibus.et@hotmail.net,Lucius Stevens,Spain,Ancash,42639,""P.O. Box 301, 7629 Lectus Avenue"""
"1-169-331-3154,augue@aol.com,Eagan Callahan,Pakistan,Sindh,4259,369 Id Street"
"1-523-435-1201,cum.sociis.natoque@aol.org,Pearl Chase,China,Ulster,48873,200-4523 Velit Street"
"(612) 724-4989,vel.lectus@icloud.net,Kieran Hodges,France,Gangwon,3588,Ap #226-4761 Eget St."
"(587) 480-4633,nulla@protonmail.couk,Sophia Bennett,Germany,Balochistan,34535,634-980 Risus. Road"
"(868) 327-8425,tellus@protonmail.edu,Erich Barnes,India,Sicilia,Y7T 6A2,""P.O. Box 541, 5983 Luctus Road"""
"(353) 651-5153,ultricies@protonmail.com,Merrill Mcclain,South Korea,Bolívar,18423,Ap #670-2821 Mollis. Road"
"1-713-464-4835,erat.vitae.risus@outlook.couk,Kevyn Cox,China,Jammu and Kashmir,85767,Ap #821-975 Ornare Road"
"(573) 944-0122,suspendisse.tristique@aol.couk,Claudia Osborne,United Kingdom,Huád?ng,26W 5S3,Ap #643-1502 Orci Avenue"
"1-844-777-8873,pede@aol.edu,Wynter Glenn,Spain,Kansas,328429,3195 Tempor Rd."
"(631) 364-7935,at.pretium.aliquet@hotmail.net,Garrett Wiley,Poland,Haryana,Y2H 5B3,""780-9297 Elit, St."""
"1-221-715-1342,consequat.dolor.vitae@outlook.edu,Lillith Butler,Colombia,Bangsamoro,64350,9055 Bibendum St."
"1-206-715-0011,duis@protonmail.net,Ruth Griffith,Netherlands,New South Wales,14861,8205 Mollis Road"
